{"loss": 0.3240244686603546, "recall": 0.8269156217575073, "precision": 0.8812435269355774, "accuracy": 0.908665120601654, "f1_score": 0.8532156348228455}