{"loss": 0.601140022277832, "recall": 0.8154484033584595, "precision": 0.8785255551338196, "accuracy": 0.760465145111084, "f1_score": 0.8458126187324524}