{"loss": 0.5502964854240417, "recall": 0.8448074460029602, "precision": 0.911264955997467, "accuracy": 0.9297423958778381, "f1_score": 0.8767786622047424}