{"loss": 0.39254504442214966, "recall": 0.820360541343689, "precision": 0.8780930638313293, "accuracy": 0.8621495366096497, "f1_score": 0.8482455611228943}