{"loss": 0.3798861503601074, "recall": 0.8290548324584961, "precision": 0.8872931599617004, "accuracy": 0.8969554901123047, "f1_score": 0.857185959815979}