{"loss": 0.5151700973510742, "recall": 0.8220668435096741, "precision": 0.8996598720550537, "accuracy": 0.8855140209197998, "f1_score": 0.859114944934845}