{"loss": 0.7210496068000793, "recall": 0.7511627674102783, "precision": 0.8753387331962585, "accuracy": 0.8093023300170898, "f1_score": 0.8085104823112488}