{"loss": 0.5730448365211487, "recall": 0.8218283653259277, "precision": 0.8939624428749084, "accuracy": 0.7813953757286072, "f1_score": 0.8563791513442993}