{"loss": 0.48394346237182617, "recall": 0.8210596442222595, "precision": 0.8837876319885254, "accuracy": 0.8387850522994995, "f1_score": 0.8512696623802185}