{"loss": 0.5015580058097839, "recall": 0.821220338344574, "precision": 0.8893097639083862, "accuracy": 0.8321678042411804, "f1_score": 0.8539099097251892}