{"loss": 0.5806037187576294, "recall": 0.7974388599395752, "precision": 0.8954248428344727, "accuracy": 0.881118893623352, "f1_score": 0.8435960412025452}