{"loss": 0.4248594045639038, "recall": 0.8175880312919617, "precision": 0.8780060410499573, "accuracy": 0.8648018836975098, "f1_score": 0.8467206358909607}